{
  "project_info": {
    "project_number": "731111878110",
    "firebase_url": "https://sendlocation1-94942-default-rtdb.firebaseio.com",
    "project_id": "sendlocation1-94942",
    "storage_bucket": "sendlocation1-94942.appspot.com"
  },
  "client": [
    {
      "client_info": {
        "mobilesdk_app_id": "1:731111878110:android:74ab9b1188b9a11f03414f",
        "android_client_info": {
          "package_name": "vistula.xy.getlocation"
        }
      },
      "oauth_client": [],
      "api_key": [
        {
          "current_key": "AIzaSyA4wfoZFbNbj-FaPwNtBwxSgYzg1hjFImw"
        }
      ],
      "services": {
        "appinvite_service": {
          "other_platform_oauth_client": []
        }
      }
    },
    {
      "client_info": {
        "mobilesdk_app_id": "1:731111878110:android:421e320d56b66cce03414f",
        "android_client_info": {
          "package_name": "vistula.xy.sendlocation1"
        }
      },
      "oauth_client": [],
      "api_key": [
        {
          "current_key": "AIzaSyA4wfoZFbNbj-FaPwNtBwxSgYzg1hjFImw"
        }
      ],
      "services": {
        "appinvite_service": {
          "other_platform_oauth_client": []
        }
      }
    }
  ],
  "configuration_version": "1"
}